{
    "num_gen": 10,
    "dispatch_freq_mins": 30,
    "voll": 10000,
    "episode_length_hrs": 24,
    "arma_params":
        {
        "alphas_demand": [
            0.63004456,
            0.23178044,
            0.08526726,
            0.03136807,
            0.01153967
        ],
        "alphas_wind": [
            0.63004456,
            0.23178044,
            0.08526726,
            0.03136807,
            0.01153967
        ],
        "betas_demand": [
            0.06364086,
            0.02341217,
            0.00861285,
            0.00316849,
            0.00116562
        ],
        "betas_wind": [
            0.06364086,
            0.02341217,
            0.00861285,
            0.00316849,
            0.00116562
        ],
        "p": 5,
        "q": 5,
        "sigma_demand": 15,
        "sigma_wind": 12
    },
    "gen_info":
        {
        "min_output": {"g0": 150,
          "g1": 150,
          "g2": 20,
          "g3": 20,
          "g4": 25,
          "g5": 20,
          "g6": 25,
          "g7": 10,
          "g8": 10,
          "g9": 10},
         "max_output": {"g0": 455,
          "g1": 455,
          "g2": 130,
          "g3": 130,
          "g4": 162,
          "g5": 80,
          "g6": 85,
          "g7": 55,
          "g8": 55,
          "g9": 55},
         "status": {"g0": 16,
          "g1": 16,
          "g2": -10,
          "g3": -10,
          "g4": -12,
          "g5": -6,
          "g6": -6,
          "g7": -2,
          "g8": -2,
          "g9": -2},
         "a": {"g0": 0.00047999999999999996,
          "g1": 0.00031,
          "g2": 0.002,
          "g3": 0.0021100000000000003,
          "g4": 0.00398,
          "g5": 0.007120000000000001,
          "g6": 0.00079,
          "g7": 0.00413,
          "g8": 0.0022199999999999998,
          "g9": 0.00173},
         "b": {"g0": 16.19,
          "g1": 17.26,
          "g2": 16.6,
          "g3": 16.5,
          "g4": 19.7,
          "g5": 22.26,
          "g6": 27.74,
          "g7": 25.92,
          "g8": 27.27,
          "g9": 27.79},
         "c": {"g0": 1000,
          "g1": 970,
          "g2": 700,
          "g3": 680,
          "g4": 450,
          "g5": 370,
          "g6": 480,
          "g7": 660,
          "g8": 665,
          "g9": 670},
         "t_min_down": {"g0": 16,
          "g1": 16,
          "g2": 10,
          "g3": 10,
          "g4": 12,
          "g5": 6,
          "g6": 6,
          "g7": 2,
          "g8": 2,
          "g9": 2},
         "t_min_up": {"g0": 16,
          "g1": 16,
          "g2": 10,
          "g3": 10,
          "g4": 12,
          "g5": 6,
          "g6": 6,
          "g7": 2,
          "g8": 2,
          "g9": 2},
         "t_max_up": {"g0": 1000000,
          "g1": 1000000,
          "g2": 1000000,
          "g3": 1000000,
          "g4": 1000000,
          "g5": 1000000,
          "g6": 1000000,
          "g7": 1000000,
          "g8": 1000000,
          "g9": 1000000},
         "hot_cost": {"g0": 4500,
          "g1": 5000,
          "g2": 550,
          "g3": 560,
          "g4": 900,
          "g5": 170,
          "g6": 260,
          "g7": 30,
          "g8": 30,
          "g9": 30},
         "cold_cost": {"g0": 9000,
          "g1": 10000,
          "g2": 1100,
          "g3": 1120,
          "g4": 1800,
          "g5": 340,
          "g6": 520,
          "g7": 60,
          "g8": 60,
          "g9": 60},
         "cold_hrs": {"g0": 1000000,
          "g1": 1000000,
          "g2": 1000000,
          "g3": 1000000,
          "g4": 1000000,
          "g5": 1000000,
          "g6": 1000000,
          "g7": 1000000,
          "g8": 1000000,
          "g9": 1000000},
         "min_fuel_cost": {"g0": 18.606202197802197,
          "g1": 19.532918131868136,
          "g2": 22.244615384615386,
          "g3": 22.00506923076923,
          "g4": 23.12253777777778,
          "g5": 27.454600000000006,
          "g6": 33.45420882352941,
          "g7": 38.147149999999996,
          "g8": 39.483009090909086,
          "g9": 40.06696818181818},
         "max_cost_per_mwh": {"g0": 22.92866666666667,
          "g1": 23.77316666666667,
          "g2": 51.64,
          "g3": 50.5422,
          "g4": 37.799499999999995,
          "g5": 40.9024,
          "g6": 46.95975000000001,
          "g7": 91.96130000000001,
          "g8": 93.79220000000001,
          "g9": 94.8073}
        }
}
