{"num_gen": 30,
 "dispatch_freq_mins": 30,
 "usd_per_kgco2": 0.05,
 "arma_params":{
	"alphas_demand": [
		0.63004456,
		0.23178044,
		0.08526726,
		0.03136807,
		0.01153967
	],
	"alphas_wind": [
		0.63004456,
		0.23178044,
		0.08526726,
		0.03136807,
		0.01153967
	],
	"betas_demand": [
		0.06364086,
		0.02341217,
		0.00861285,
		0.00316849,
		0.00116562
	],
	"betas_wind": [
		0.06364086,
		0.02341217,
		0.00861285,
		0.00316849,
		0.00116562
	],
	"p": 5,
	"q": 5,
	"sigma_demand": 45,
	"sigma_wind": 36
	}
}

