,min_output,max_output,status,a,b,c,t_min_down,t_min_up,t_max_up,hot_cost,cold_cost,cold_hrs
0,150,455,16,0.00047999999999999996,16.19,1000,16,16,1000000,4500,9000,1000000
1,20,130,-10,0.002,16.6,700,10,10,1000000,550,1100,1000000
2,25,162,-12,0.00398,19.7,450,12,12,1000000,900,1800,1000000
3,25,85,-6,0.00079,27.74,480,6,6,1000000,260,520,1000000
4,10,55,-2,0.0022199999999999998,27.27,665,2,2,1000000,30,60,1000000
